<?xml version="1.0" encoding="UTF-8"?>
<project-private xmlns="http://www.netbeans.org/ns/project-private/1">
    <editor-bookmarks xmlns="http://www.netbeans.org/ns/editor-bookmarks/2" lastBookmarkId="0"/>
    <open-files xmlns="http://www.netbeans.org/ns/projectui-open-files/2">
        <group>
            <file>file:/C:/Users/Jeisson/Desktop/Cajero/src/Vista/IngresarMonto.java</file>
            <file>file:/C:/Users/Jeisson/Desktop/Cajero/src/Vista/ImpresionCliente.java</file>
            <file>file:/C:/Users/Jeisson/Desktop/Cajero/src/Vista/IngresarNIT.java</file>
            <file>file:/C:/Users/Jeisson/Desktop/Cajero/src/Vista/MenuAdmin.java</file>
            <file>file:/C:/Users/Jeisson/Desktop/Cajero/src/Vista/ImpresionAdmin.java</file>
            <file>file:/C:/Users/Jeisson/Desktop/Cajero/src/Vista/IngresoContraseña.java</file>
        </group>
    </open-files>
</project-private>
